<!--
The following are the DVB Genre Id's used for reference
Source: https://www.etsi.org/deliver/etsi_en/300400_300499/300468/01.11.01_60/en_300468v011101p.pdf
Page 40
Note: the first 4 bits is genre and last is sub genre
Mapping DVB Genres:
 - The content below is a reference for Genre Text Mappings
There shoud be no reason to modify this file unless the DVB standard changes.
NOTE: IF YOU MODIFY THIS FILE IT WILL BE OVERWRITTEN NEXT TIME THE ADDON IS STARTED
If you have changes either create a PR containing the changes or an issue with details at:
  https://github.com/kodi-pvr/pvr.iptvsimple
  https://github.com/kodi-pvr/pvr.iptvsimple#using-a-mapping-file-for-genres
  https://codedocs.xyz/xbmc/xbmc/group__cpp__kodi__addon__pvr___defs__epg___e_p_g___e_v_e_n_t.html#ga0ac9430768fc11505a193241fc2d4008
-->

<!-- - 0x10: General Movie / Drama -->
<!-- - 0x20: News / Current Affairs -->
<!-- - 0x30: Show / Game Show -->
<!-- - 0x40: Sports -->
<!-- - 0x50: Children's / Youth Programmes -->
<!-- - 0x60: Music / Ballet / Dance -->
<!-- - 0x70: Arts / Culture -->
<!-- - 0x80: Social / Political / Economics -->
<!-- - 0x90: Education / Science / Factual -->
<!-- - 0xA0: Leisure / Hobbies -->
<!-- - 0xB0: Special Characteristics -->

<genres>
  <name>PseudoTV Live</name>
  <!-- UNDEFINED (Grey) -->
  <genre genreId="0x00">Undefined / Unavailable / Unrated / NA / NR</genre>
  
  <!-- MOVIE/DRAMA (Blue) -->
  <genre genreId="0x10">Movie / Drama / TV Movie</genre>
  <genre genreId="0x11">Detective / Thriller / Crime / Suspense</genre>
  <genre genreId="0x12">Action / Adventure / Western / War</genre>
  <genre genreId="0x13">Science Fiction / Fantasy / Horror / Sci-Fi</genre>
  <genre genreId="0x14">Comedy</genre>
  <genre genreId="0x15">Soap / Melodrama / Folkloric</genre>
  <genre genreId="0x16">Romance</genre>
  <genre genreId="0x17">Serious / Classical / Religious / Historical / History / Classic</genre>
  <genre genreId="0x18">Adult / XXX / Mature</genre> 

  <!-- NEWS / CURRENT AFFAIRS (Drk. Green) -->
  <genre genreId="0x20">News / Current Affairs / Information</genre>
  <genre genreId="0x21">Weather / Weather Report</genre>
  <genre genreId="0x22">News Magazine</genre>
  <genre genreId="0x23">Documentary / Documentaries</genre>
  <genre genreId="0x24">Discussion / Interview / Debate</genre>

  <!-- SHOW -->
  <genre genreId="0x30">Show</genre>
  <genre genreId="0x31">Game show / Quiz / Contest</genre>
  <genre genreId="0x32">Variety show</genre>
  <genre genreId="0x33">Talk show / Talk</genre>

  <!-- SPORTS -->
  <genre genreId="0x40">Sports / Short</genre>
  <genre genreId="0x41">Special Events / Olympic Games / World Cup</genre>
  <genre genreId="0x42">Sports Magazines</genre>
  <genre genreId="0x43">Football / Soccer / American Football / Rugby</genre>
  <genre genreId="0x44">Tennis / Squash</genre>
  <genre genreId="0x45">Team sports</genre>
  <genre genreId="0x46">Athletics</genre>
  <genre genreId="0x47">Motor sport</genre>
  <genre genreId="0x48">Water sport</genre>
  <genre genreId="0x49">Winter sports</genre>
  <genre genreId="0x4A">Equestrian</genre>
  <genre genreId="0x4B">Martial sports</genre>

  <!-- CHILDREN / YOUTH (Drk. Yellow) -->
  <genre genreId="0x50">Children / Youth / Family / Kids</genre>
  <genre genreId="0x51">Pre-school children</genre>
  <genre genreId="0x52">Entertainment programmes for 6 to 14</genre>
  <genre genreId="0x53">Entertainment programmes for 10 to 16</genre>
  <genre genreId="0x54">Informational / Educational / School programmes /  Instructional</genre>
  <genre genreId="0x55">Cartoons / Puppets / Animation</genre>

  <!-- MUSIC / BALLET / DANCE (Green) -->
  <genre genreId="0x60">Music / Dance</genre>
  <genre genreId="0x61">Rock / Pop</genre>
  <genre genreId="0x62">Serious / Classical</genre>
  <genre genreId="0x63">Folk / Traditional</genre>
  <genre genreId="0x64">Jazz</genre>
  <genre genreId="0x65">Musical / Opera / Broadway</genre>
  <genre genreId="0x66">Ballet</genre>

  <!-- ARTS / CULTURE -->
  <genre genreId="0x70">Arts / Culture</genre>
  <genre genreId="0x71">Performing Arts</genre>
  <genre genreId="0x72">Fine Arts</genre>
  <genre genreId="0x73">Religion</genre>
  <genre genreId="0x74">Popular Culture / Traditional Arts</genre>
  <genre genreId="0x75">Literature</genre>
  <genre genreId="0x76">Film / Cinema</genre>
  <genre genreId="0x77">Experimental Film / Video</genre>
  <genre genreId="0x78">Broadcasting / Press</genre>
  <genre genreId="0x79">New Media</genre>
  <genre genreId="0x7A">Arts / Culture Magazines</genre>
  <genre genreId="0x7B">Fashion</genre>

  <!-- SOCIAL / POLITICAL / ECONOMICS -->
  <genre genreId="0x80">Social / Political Issues / Economics</genre>
  <genre genreId="0x81">Magazines / Reports / Documentary</genre>
  <genre genreId="0x82">Economics / Social Advisory</genre>
  <genre genreId="0x83">Remarkable people</genre>

  <!-- EDUCATIONAL / SCIENCE -->
  <genre genreId="0x90">Education / Science / Factual Topics</genre>
  <genre genreId="0x91">Nature / Animals / Environment</genre>
  <genre genreId="0x92">Technology / Natural Sciences</genre>
  <genre genreId="0x93">Medicine / Physiology / Psychology</genre>
  <genre genreId="0x94">Foreign Countries / Expeditions</genre>
  <genre genreId="0x95">Social / Spiritual Sciences</genre>
  <genre genreId="0x96">Further Education</genre>
  <genre genreId="0x97">Languages</genre>

  <!-- LEISURE / HOBBIES -->
  <genre genreId="0xA0">Leisure / Hobbies</genre>
  <genre genreId="0xA1">Tourism / Travel</genre>
  <genre genreId="0xA2">Handicraft</genre>
  <genre genreId="0xA3">Motoring</genre>
  <genre genreId="0xA4">Fitness and Health</genre>
  <genre genreId="0xA5">Cooking</genre>
  <genre genreId="0xA6">Advertisement / Shopping</genre>
  <genre genreId="0xA7">Gardening</genre>

  <!-- SPECIAL -->
  <genre genreId="0xB0">Special Characteristics / Original Language</genre>
  <genre genreId="0xB1">Black and White</genre>
  <genre genreId="0xB2">Unpublished</genre>
  <genre genreId="0xB3">Live / Live broadcast</genre>
  <genre genreId="0xB4">Plano-stereoscopic</genre>
  <genre genreId="0xB5">Local / Regional</genre>

  <!-- USERDEFINED -->
  <genre genreId="0xF0"></genre>
  <genre genreId="0xF1"></genre>
  <genre genreId="0xF2"></genre>
  <genre genreId="0xF3"></genre>
    
  <!-- IGNORED -->
  <genre genreId="0xF4"></genre>
  <genre genreId="0xF5"></genre>
  <genre genreId="0xF6"></genre>
  <genre genreId="0xF7"></genre>
  <genre genreId="0xF8"></genre>
</genres>